,Structure,SegmentedPropertyCategoryCodeSequence.CodingSchemeDesignator,SegmentedPropertyCategoryCodeSequence.CodeValue,SegmentedPropertyCategoryCodeSequence.CodeMeaning,SegmentedPropertyTypeCodeSequence.CodingSchemeDesignator,SegmentedPropertyTypeCodeSequence.CodeValue,SegmentedPropertyTypeCodeSequence.CodeMeaning,SegmentedPropertyTypeModifierCodeSequence.CodingSchemeDesignator,SegmentedPropertyTypeModifierCodeSequence.CodeValue,SegmentedPropertyTypeModifierCodeSequence.CodeMeaning,SegmentedPropertyCategoryCodeSequence.CodeValue.SNOMEDCTPreferredTerms,SegmentedPropertyCategoryCodeSequence.CodeValue.SNOMEDCTAcceptableTerms,SegmentedPropertyTypeCodeSequence.CodeValue.SNOMEDCTPreferredTerms,SegmentedPropertyTypeCodeSequence.CodeValue.SNOMEDCTAcceptableTerms,SegmentedPropertyTypeModifierCodeSequence.CodeValue.SNOMEDCTPreferredTerms,SegmentedPropertyTypeModifierCodeSequence.CodeValue.SNOMEDCTAcceptableTerms
0,adrenal_gland_left,SCT,123037004,Anatomical Structure,SCT,23451007,Adrenal gland,SCT,7771000,Left,"['Body structure (body structure)', 'Body structure']",['Body structures'],"['Adrenal structure (body structure)', 'Adrenal structure']",['Adrenal gland'],"['Left (qualifier value)', 'Left']","['Left lateral', 'Left side', 'Lt - Left', 'Levo-']"
1,adrenal_gland_right,SCT,123037004,Anatomical Structure,SCT,23451007,Adrenal gland,SCT,24028007,Right,"['Body structure (body structure)', 'Body structure']",['Body structures'],"['Adrenal structure (body structure)', 'Adrenal structure']",['Adrenal gland'],"['Right (qualifier value)', 'Right']","['Dextro', 'Right lateral', 'Rt - Right', 'Right side']"
2,aorta,SCT,123037004,Anatomical Structure,SCT,15825003,Aorta,,,,"['Body structure (body structure)', 'Body structure']",['Body structures'],"['Aortic structure', 'Aortic structure (body structure)']",['Aorta'],[],[]
3,autochthon_left,SCT,123037004,Anatomical Structure,SCT,244849004,Deep muscle of back,SCT,7771000,Left,"['Body structure (body structure)', 'Body structure']",['Body structures'],"['Structure of deep muscle of back (body structure)', 'Deep muscle of back']",['Structure of deep muscle of back'],"['Left (qualifier value)', 'Left']","['Left lateral', 'Left side', 'Lt - Left', 'Levo-']"
4,autochthon_right,SCT,123037004,Anatomical Structure,SCT,244849004,Deep muscle of back,SCT,24028007,Right,"['Body structure (body structure)', 'Body structure']",['Body structures'],"['Structure of deep muscle of back (body structure)', 'Deep muscle of back']",['Structure of deep muscle of back'],"['Right (qualifier value)', 'Right']","['Dextro', 'Right lateral', 'Rt - Right', 'Right side']"
5,brain,SCT,123037004,Anatomical Structure,SCT,12738006,Brain,,,,"['Body structure (body structure)', 'Body structure']",['Body structures'],"['Brain structure (body structure)', 'Brain structure']",['Brain'],[],[]
6,clavicula_left,SCT,123037004,Anatomical Structure,SCT,51299004,Clavicle,SCT,7771000,Left,"['Body structure (body structure)', 'Body structure']",['Body structures'],"['Bone structure of clavicle (body structure)', 'Bone structure of clavicle']","['Collar bone', 'Clavicle']","['Left (qualifier value)', 'Left']","['Left lateral', 'Left side', 'Lt - Left', 'Levo-']"
7,clavicula_right,SCT,123037004,Anatomical Structure,SCT,51299004,Clavicle,SCT,24028007,Right,"['Body structure (body structure)', 'Body structure']",['Body structures'],"['Bone structure of clavicle (body structure)', 'Bone structure of clavicle']","['Collar bone', 'Clavicle']","['Right (qualifier value)', 'Right']","['Dextro', 'Right lateral', 'Rt - Right', 'Right side']"
8,colon,SCT,123037004,Anatomical Structure,SCT,71854001,Colon,,,,"['Body structure (body structure)', 'Body structure']",['Body structures'],"['Colon structure', 'Colon structure (body structure)']",['Colon'],[],[]
9,duodenum,SCT,123037004,Anatomical Structure,SCT,38848004,Duodenum,,,,"['Body structure (body structure)', 'Body structure']",['Body structures'],"['Duodenal structure (body structure)', 'Duodenal structure']",['Duodenum'],[],[]
10,esophagus,SCT,123037004,Anatomical Structure,SCT,32849002,Esophagus,,,,"['Body structure (body structure)', 'Body structure']",['Body structures'],"['Esophageal structure (body structure)', 'Esophageal structure']",['Esophagus'],[],[]
11,face,SCT,123037004,Anatomical Structure,SCT,89545001,Face,,,,"['Body structure (body structure)', 'Body structure']",['Body structures'],"['Face structure', 'Face structure (body structure)']",['Face'],[],[]
12,femur_left,SCT,123037004,Anatomical Structure,SCT,71341001,Femur,SCT,7771000,Left,"['Body structure (body structure)', 'Body structure']",['Body structures'],"['Bone structure of femur', 'Bone structure of femur (body structure)']",['Femur'],"['Left (qualifier value)', 'Left']","['Left lateral', 'Left side', 'Lt - Left', 'Levo-']"
13,femur_right,SCT,123037004,Anatomical Structure,SCT,71341001,Femur,SCT,24028007,Right,"['Body structure (body structure)', 'Body structure']",['Body structures'],"['Bone structure of femur', 'Bone structure of femur (body structure)']",['Femur'],"['Right (qualifier value)', 'Right']","['Dextro', 'Right lateral', 'Rt - Right', 'Right side']"
14,gallbladder,SCT,123037004,Anatomical Structure,SCT,28231008,Gallbladder,,,,"['Body structure (body structure)', 'Body structure']",['Body structures'],"['Gallbladder structure (body structure)', 'Gallbladder structure']","['Gallbladder', 'Gall bladder']",[],[]
15,gluteus_maximus_left,SCT,123037004,Anatomical Structure,SCT,181674001,Gluteus maximus muscle,SCT,7771000,Left,"['Body structure (body structure)', 'Body structure']",['Body structures'],"['Entire gluteus maximus muscle', 'Entire gluteus maximus muscle (body structure)']",['Entire gluteus maximus'],"['Left (qualifier value)', 'Left']","['Left lateral', 'Left side', 'Lt - Left', 'Levo-']"
16,gluteus_maximus_right,SCT,123037004,Anatomical Structure,SCT,181674001,Gluteus maximus muscle,SCT,24028007,Right,"['Body structure (body structure)', 'Body structure']",['Body structures'],"['Entire gluteus maximus muscle', 'Entire gluteus maximus muscle (body structure)']",['Entire gluteus maximus'],"['Right (qualifier value)', 'Right']","['Dextro', 'Right lateral', 'Rt - Right', 'Right side']"
17,gluteus_medius_left,SCT,123037004,Anatomical Structure,SCT,78333006,Gluteus medius muscle,SCT,7771000,Left,"['Body structure (body structure)', 'Body structure']",['Body structures'],"['Structure of gluteus medius muscle (body structure)', 'Structure of gluteus medius muscle']",['Gluteus medius muscle'],"['Left (qualifier value)', 'Left']","['Left lateral', 'Left side', 'Lt - Left', 'Levo-']"
18,gluteus_medius_right,SCT,123037004,Anatomical Structure,SCT,78333006,Gluteus medius muscle,SCT,24028007,Right,"['Body structure (body structure)', 'Body structure']",['Body structures'],"['Structure of gluteus medius muscle (body structure)', 'Structure of gluteus medius muscle']",['Gluteus medius muscle'],"['Right (qualifier value)', 'Right']","['Dextro', 'Right lateral', 'Rt - Right', 'Right side']"
19,gluteus_minimus_left,SCT,123037004,Anatomical Structure,SCT,75297007,Gluteus minius muscle,SCT,7771000,Left,"['Body structure (body structure)', 'Body structure']",['Body structures'],"['Structure of gluteus minimus muscle (body structure)', 'Structure of gluteus minimus muscle']",['Gluteus minimus muscle'],"['Left (qualifier value)', 'Left']","['Left lateral', 'Left side', 'Lt - Left', 'Levo-']"
20,gluteus_minimus_right,SCT,123037004,Anatomical Structure,SCT,75297007,Gluteus minius muscle,SCT,24028007,Right,"['Body structure (body structure)', 'Body structure']",['Body structures'],"['Structure of gluteus minimus muscle (body structure)', 'Structure of gluteus minimus muscle']",['Gluteus minimus muscle'],"['Right (qualifier value)', 'Right']","['Dextro', 'Right lateral', 'Rt - Right', 'Right side']"
21,heart_atrium_left,SCT,123037004,Anatomical Structure,SCT,82471001,Left atrium,,,,"['Body structure (body structure)', 'Body structure']",['Body structures'],"['Left atrial structure', 'Left atrial structure (body structure)']",['Left atrium'],[],[]
22,heart_atrium_right,SCT,123037004,Anatomical Structure,SCT,73829009,Right atrium,,,,"['Body structure (body structure)', 'Body structure']",['Body structures'],"['Right atrial structure (body structure)', 'Right atrial structure']",['Right atrium'],[],[]
23,heart_myocardium,SCT,123037004,Anatomical Structure,SCT,74281007,Myocardium,,,,"['Body structure (body structure)', 'Body structure']",['Body structures'],"['Myocardium structure', 'Myocardium structure (body structure)']","['Myocardium', 'Cardiac muscle']",[],[]
24,heart_ventricle_left,SCT,123037004,Anatomical Structure,SCT,87878005,Left ventricle of heart,,,,"['Body structure (body structure)', 'Body structure']",['Body structures'],"['Left cardiac ventricular structure (body structure)', 'Left cardiac ventricular structure']","['Left ventricular structure', 'Left ventricle of heart', 'Left ventricle']",[],[]
25,heart_ventricle_right,SCT,123037004,Anatomical Structure,SCT,53085002,Right ventricle of heart,,,,"['Body structure (body structure)', 'Body structure']",['Body structures'],"['Right cardiac ventricular structure (body structure)', 'Right cardiac ventricular structure']","['Right ventricle of heart', 'Right ventricle', 'Right ventricular structure']",[],[]
26,hip_left,SCT,123037004,Anatomical Structure,SCT,29836001,Hip,SCT,7771000,Left,"['Body structure (body structure)', 'Body structure']",['Body structures'],"['The body part defined by the hip joint and surrounding structures, including the region from the iliac crest to the thigh', 'Hip region structure (body structure)', 'Hip region structure']","['Hip structure', 'Hip region']","['Left (qualifier value)', 'Left']","['Left lateral', 'Left side', 'Lt - Left', 'Levo-']"
27,hip_right,SCT,123037004,Anatomical Structure,SCT,29836001,Hip,SCT,24028007,Right,"['Body structure (body structure)', 'Body structure']",['Body structures'],"['The body part defined by the hip joint and surrounding structures, including the region from the iliac crest to the thigh', 'Hip region structure (body structure)', 'Hip region structure']","['Hip structure', 'Hip region']","['Right (qualifier value)', 'Right']","['Dextro', 'Right lateral', 'Rt - Right', 'Right side']"
28,humerus_left,SCT,123037004,Anatomical Structure,SCT,85050009,Humerus,SCT,7771000,Left,"['Body structure (body structure)', 'Body structure']",['Body structures'],"['Bone structure of humerus', 'Bone structure of humerus (body structure)']",['Humerus'],"['Left (qualifier value)', 'Left']","['Left lateral', 'Left side', 'Lt - Left', 'Levo-']"
29,humerus_right,SCT,123037004,Anatomical Structure,SCT,85050009,Humerus,SCT,24028007,Right,"['Body structure (body structure)', 'Body structure']",['Body structures'],"['Bone structure of humerus', 'Bone structure of humerus (body structure)']",['Humerus'],"['Right (qualifier value)', 'Right']","['Dextro', 'Right lateral', 'Rt - Right', 'Right side']"
30,iliac_artery_left,SCT,123037004,Anatomical Structure,SCT,73634005,Common iliac artery,SCT,7771000,Left,"['Body structure (body structure)', 'Body structure']",['Body structures'],"['Common iliac artery structure (body structure)', 'Common iliac artery structure']",['Common iliac artery'],"['Left (qualifier value)', 'Left']","['Left lateral', 'Left side', 'Lt - Left', 'Levo-']"
31,iliac_artery_right,SCT,123037004,Anatomical Structure,SCT,73634005,Common iliac artery,SCT,24028007,Right,"['Body structure (body structure)', 'Body structure']",['Body structures'],"['Common iliac artery structure (body structure)', 'Common iliac artery structure']",['Common iliac artery'],"['Right (qualifier value)', 'Right']","['Dextro', 'Right lateral', 'Rt - Right', 'Right side']"
32,iliac_vena_left,SCT,123037004,Anatomical Structure,SCT,46027005,Common iliac vein,SCT,7771000,Left,"['Body structure (body structure)', 'Body structure']",['Body structures'],"['Structure of common iliac vein (body structure)', 'Structure of common iliac vein']",['Common iliac vein'],"['Left (qualifier value)', 'Left']","['Left lateral', 'Left side', 'Lt - Left', 'Levo-']"
33,iliac_vena_right,SCT,123037004,Anatomical Structure,SCT,46027005,Common iliac vein,SCT,24028007,Right,"['Body structure (body structure)', 'Body structure']",['Body structures'],"['Structure of common iliac vein (body structure)', 'Structure of common iliac vein']",['Common iliac vein'],"['Right (qualifier value)', 'Right']","['Dextro', 'Right lateral', 'Rt - Right', 'Right side']"
34,iliopsoas_left,SCT,123037004,Anatomical Structure,SCT,68455001,Iliopsoas muscle,SCT,7771000,Left,"['Body structure (body structure)', 'Body structure']",['Body structures'],"['Structure of iliopsoas muscle (body structure)', 'Structure of iliopsoas muscle']",['Iliopsoas muscle'],"['Left (qualifier value)', 'Left']","['Left lateral', 'Left side', 'Lt - Left', 'Levo-']"
35,iliopsoas_right,SCT,123037004,Anatomical Structure,SCT,68455001,Iliopsoas muscle,SCT,24028007,Right,"['Body structure (body structure)', 'Body structure']",['Body structures'],"['Structure of iliopsoas muscle (body structure)', 'Structure of iliopsoas muscle']",['Iliopsoas muscle'],"['Right (qualifier value)', 'Right']","['Dextro', 'Right lateral', 'Rt - Right', 'Right side']"
36,inferior_vena_cava,SCT,123037004,Anatomical Structure,SCT,64131007,Inferior vena cava,,,,"['Body structure (body structure)', 'Body structure']",['Body structures'],"['Inferior vena cava structure (body structure)', 'Inferior vena cava structure']","['Inferior vena cava', 'Posterior vena cava']",[],[]
37,kidney_left,SCT,123037004,Anatomical Structure,SCT,64033007,Kidney,SCT,7771000,Left,"['Body structure (body structure)', 'Body structure']",['Body structures'],"['Kidney structure (body structure)', 'Kidney structure']","['Renal structure', 'Kidney']","['Left (qualifier value)', 'Left']","['Left lateral', 'Left side', 'Lt - Left', 'Levo-']"
38,kidney_right,SCT,123037004,Anatomical Structure,SCT,64033007,Kidney,SCT,24028007,Right,"['Body structure (body structure)', 'Body structure']",['Body structures'],"['Kidney structure (body structure)', 'Kidney structure']","['Renal structure', 'Kidney']","['Right (qualifier value)', 'Right']","['Dextro', 'Right lateral', 'Rt - Right', 'Right side']"
39,liver,SCT,123037004,Anatomical Structure,SCT,10200004,Liver,,,,"['Body structure (body structure)', 'Body structure']",['Body structures'],"['Liver structure (body structure)', 'Liver structure']",['Liver'],[],[]
40,lung_lower_lobe_left,SCT,123037004,Anatomical Structure,SCT,90572001,Lower lobe of lung,SCT,7771000,Left,"['Body structure (body structure)', 'Body structure']",['Body structures'],"['Structure of lower lobe of lung (body structure)', 'Structure of lower lobe of lung']",['Lower lobe of lung'],"['Left (qualifier value)', 'Left']","['Left lateral', 'Left side', 'Lt - Left', 'Levo-']"
41,lung_lower_lobe_right,SCT,123037004,Anatomical Structure,SCT,90572001,Lower lobe of lung,SCT,24028007,Right,"['Body structure (body structure)', 'Body structure']",['Body structures'],"['Structure of lower lobe of lung (body structure)', 'Structure of lower lobe of lung']",['Lower lobe of lung'],"['Right (qualifier value)', 'Right']","['Dextro', 'Right lateral', 'Rt - Right', 'Right side']"
42,lung_middle_lobe_right,SCT,123037004,Anatomical Structure,SCT,72481006,Middle lobe of right lung,,,,"['Body structure (body structure)', 'Body structure']",['Body structures'],"['Structure of middle lobe of right lung', 'Structure of middle lobe of right lung (body structure)']","['Right middle lobe of lung', 'Structure of right middle lobe of lung', 'Middle lobe of right lung', 'Intermediate lobe of right lung']",[],[]
43,lung_upper_lobe_left,SCT,123037004,Anatomical Structure,SCT,45653009,Upper lobe of lung,SCT,7771000,Left,"['Body structure (body structure)', 'Body structure']",['Body structures'],"['Structure of upper lobe of lung (body structure)', 'Structure of upper lobe of lung']",['Upper lobe of lung'],"['Left (qualifier value)', 'Left']","['Left lateral', 'Left side', 'Lt - Left', 'Levo-']"
44,lung_upper_lobe_right,SCT,123037004,Anatomical Structure,SCT,45653009,Upper lobe of lung,SCT,24028007,Right,"['Body structure (body structure)', 'Body structure']",['Body structures'],"['Structure of upper lobe of lung (body structure)', 'Structure of upper lobe of lung']",['Upper lobe of lung'],"['Right (qualifier value)', 'Right']","['Dextro', 'Right lateral', 'Rt - Right', 'Right side']"
45,pancreas,SCT,123037004,Anatomical Structure,SCT,15776009,Pancreas,,,,"['Body structure (body structure)', 'Body structure']",['Body structures'],"['Pancreatic structure', 'Pancreatic structure (body structure)']","['Exocrine and endocrine pancreas', 'Pancreas']",[],[]
46,portal_vein_and_splenic_vein,SCT,123037004,Anatomical Structure,SCT,110765007,Portal vein and splenic vein,,,,"['Body structure (body structure)', 'Body structure']",['Body structures'],"['Portal vein and splenic vein, CS', 'Portal vein and splenic vein (combined site) (body structure)']",['Portal vein and splenic vein (combined site)'],[],[]
47,pulmonary_artery,SCT,123037004,Anatomical Structure,SCT,81040000,Pulmonary artery,,,,"['Body structure (body structure)', 'Body structure']",['Body structures'],"['Pulmonary artery structure (body structure)', 'Pulmonary artery structure']",['Pulmonary artery'],[],[]
48,rib_left_1,SCT,123037004,Anatomical Structure,SCT,48535007,First rib,SCT,7771000,Left,"['Body structure (body structure)', 'Body structure']",['Body structures'],"['Bone structure of first rib', 'Bone structure of first rib (body structure)']",['First rib'],"['Left (qualifier value)', 'Left']","['Left lateral', 'Left side', 'Lt - Left', 'Levo-']"
49,rib_left_2,SCT,123037004,Anatomical Structure,SCT,78247007,Second rib,SCT,7771000,Left,"['Body structure (body structure)', 'Body structure']",['Body structures'],"['Bone structure of second rib (body structure)', 'Bone structure of second rib']",['Second rib'],"['Left (qualifier value)', 'Left']","['Left lateral', 'Left side', 'Lt - Left', 'Levo-']"
50,rib_left_3,SCT,123037004,Anatomical Structure,SCT,25888004,Third rib,SCT,7771000,Left,"['Body structure (body structure)', 'Body structure']",['Body structures'],"['Bone structure of third rib (body structure)', 'Bone structure of third rib']",['Third rib'],"['Left (qualifier value)', 'Left']","['Left lateral', 'Left side', 'Lt - Left', 'Levo-']"
51,rib_left_4,SCT,123037004,Anatomical Structure,SCT,25523003,Fourth rib,SCT,7771000,Left,"['Body structure (body structure)', 'Body structure']",['Body structures'],"['Bone structure of fourth rib', 'Bone structure of fourth rib (body structure)']",['Fourth rib'],"['Left (qualifier value)', 'Left']","['Left lateral', 'Left side', 'Lt - Left', 'Levo-']"
52,rib_left_5,SCT,123037004,Anatomical Structure,SCT,15339008,Fifth rib,SCT,7771000,Left,"['Body structure (body structure)', 'Body structure']",['Body structures'],"['Bone structure of fifth rib (body structure)', 'Bone structure of fifth rib']",['Fifth rib'],"['Left (qualifier value)', 'Left']","['Left lateral', 'Left side', 'Lt - Left', 'Levo-']"
53,rib_left_6,SCT,123037004,Anatomical Structure,SCT,59558009,Sixth rib,SCT,7771000,Left,"['Body structure (body structure)', 'Body structure']",['Body structures'],"['Bone structure of sixth rib', 'Bone structure of sixth rib (body structure)']",['Sixth rib'],"['Left (qualifier value)', 'Left']","['Left lateral', 'Left side', 'Lt - Left', 'Levo-']"
54,rib_left_7,SCT,123037004,Anatomical Structure,SCT,24915002,Seventh rib,SCT,7771000,Left,"['Body structure (body structure)', 'Body structure']",['Body structures'],"['Bone structure of seventh rib (body structure)', 'Bone structure of seventh rib']",['Seventh rib'],"['Left (qualifier value)', 'Left']","['Left lateral', 'Left side', 'Lt - Left', 'Levo-']"
55,rib_left_8,SCT,123037004,Anatomical Structure,SCT,5953002,Eighth rib,SCT,7771000,Left,"['Body structure (body structure)', 'Body structure']",['Body structures'],"['Bone structure of eighth rib', 'Bone structure of eighth rib (body structure)']",['Eighth rib'],"['Left (qualifier value)', 'Left']","['Left lateral', 'Left side', 'Lt - Left', 'Levo-']"
56,rib_left_9,SCT,123037004,Anatomical Structure,SCT,22565002,Ninth rib,SCT,7771000,Left,"['Body structure (body structure)', 'Body structure']",['Body structures'],"['Bone structure of ninth rib (body structure)', 'Bone structure of ninth rib']",['Ninth rib'],"['Left (qualifier value)', 'Left']","['Left lateral', 'Left side', 'Lt - Left', 'Levo-']"
57,rib_left_10,SCT,123037004,Anatomical Structure,SCT,77644006,Tenth rib,SCT,7771000,Left,"['Body structure (body structure)', 'Body structure']",['Body structures'],"['Bone structure of tenth rib', 'Bone structure of tenth rib (body structure)']",['Tenth rib'],"['Left (qualifier value)', 'Left']","['Left lateral', 'Left side', 'Lt - Left', 'Levo-']"
58,rib_left_11,SCT,123037004,Anatomical Structure,SCT,58830002,Eleventh rib,SCT,7771000,Left,"['Body structure (body structure)', 'Body structure']",['Body structures'],"['Bone structure of eleventh rib', 'Bone structure of eleventh rib (body structure)']",['Eleventh rib'],"['Left (qualifier value)', 'Left']","['Left lateral', 'Left side', 'Lt - Left', 'Levo-']"
59,rib_left_12,SCT,123037004,Anatomical Structure,SCT,43993008,Twelfth rib,SCT,7771000,Left,"['Body structure (body structure)', 'Body structure']",['Body structures'],"['Bone structure of twelfth rib', 'Bone structure of twelfth rib (body structure)']",['Twelfth rib'],"['Left (qualifier value)', 'Left']","['Left lateral', 'Left side', 'Lt - Left', 'Levo-']"
60,rib_right_1,SCT,123037004,Anatomical Structure,SCT,48535007,First rib,SCT,24028007,Right,"['Body structure (body structure)', 'Body structure']",['Body structures'],"['Bone structure of first rib', 'Bone structure of first rib (body structure)']",['First rib'],"['Right (qualifier value)', 'Right']","['Dextro', 'Right lateral', 'Rt - Right', 'Right side']"
61,rib_right_2,SCT,123037004,Anatomical Structure,SCT,78247007,Second rib,SCT,24028007,Right,"['Body structure (body structure)', 'Body structure']",['Body structures'],"['Bone structure of second rib (body structure)', 'Bone structure of second rib']",['Second rib'],"['Right (qualifier value)', 'Right']","['Dextro', 'Right lateral', 'Rt - Right', 'Right side']"
62,rib_right_3,SCT,123037004,Anatomical Structure,SCT,25888004,Third rib,SCT,24028007,Right,"['Body structure (body structure)', 'Body structure']",['Body structures'],"['Bone structure of third rib (body structure)', 'Bone structure of third rib']",['Third rib'],"['Right (qualifier value)', 'Right']","['Dextro', 'Right lateral', 'Rt - Right', 'Right side']"
63,rib_right_4,SCT,123037004,Anatomical Structure,SCT,25523003,Fourth rib,SCT,24028007,Right,"['Body structure (body structure)', 'Body structure']",['Body structures'],"['Bone structure of fourth rib', 'Bone structure of fourth rib (body structure)']",['Fourth rib'],"['Right (qualifier value)', 'Right']","['Dextro', 'Right lateral', 'Rt - Right', 'Right side']"
64,rib_right_5,SCT,123037004,Anatomical Structure,SCT,15339008,Fifth rib,SCT,24028007,Right,"['Body structure (body structure)', 'Body structure']",['Body structures'],"['Bone structure of fifth rib (body structure)', 'Bone structure of fifth rib']",['Fifth rib'],"['Right (qualifier value)', 'Right']","['Dextro', 'Right lateral', 'Rt - Right', 'Right side']"
65,rib_right_6,SCT,123037004,Anatomical Structure,SCT,59558009,Sixth rib,SCT,24028007,Right,"['Body structure (body structure)', 'Body structure']",['Body structures'],"['Bone structure of sixth rib', 'Bone structure of sixth rib (body structure)']",['Sixth rib'],"['Right (qualifier value)', 'Right']","['Dextro', 'Right lateral', 'Rt - Right', 'Right side']"
66,rib_right_7,SCT,123037004,Anatomical Structure,SCT,24915002,Seventh rib,SCT,24028007,Right,"['Body structure (body structure)', 'Body structure']",['Body structures'],"['Bone structure of seventh rib (body structure)', 'Bone structure of seventh rib']",['Seventh rib'],"['Right (qualifier value)', 'Right']","['Dextro', 'Right lateral', 'Rt - Right', 'Right side']"
67,rib_right_8,SCT,123037004,Anatomical Structure,SCT,5953002,Eighth rib,SCT,24028007,Right,"['Body structure (body structure)', 'Body structure']",['Body structures'],"['Bone structure of eighth rib', 'Bone structure of eighth rib (body structure)']",['Eighth rib'],"['Right (qualifier value)', 'Right']","['Dextro', 'Right lateral', 'Rt - Right', 'Right side']"
68,rib_right_9,SCT,123037004,Anatomical Structure,SCT,22565002,Ninth rib,SCT,24028007,Right,"['Body structure (body structure)', 'Body structure']",['Body structures'],"['Bone structure of ninth rib (body structure)', 'Bone structure of ninth rib']",['Ninth rib'],"['Right (qualifier value)', 'Right']","['Dextro', 'Right lateral', 'Rt - Right', 'Right side']"
69,rib_right_10,SCT,123037004,Anatomical Structure,SCT,77644006,Tenth rib,SCT,24028007,Right,"['Body structure (body structure)', 'Body structure']",['Body structures'],"['Bone structure of tenth rib', 'Bone structure of tenth rib (body structure)']",['Tenth rib'],"['Right (qualifier value)', 'Right']","['Dextro', 'Right lateral', 'Rt - Right', 'Right side']"
70,rib_right_11,SCT,123037004,Anatomical Structure,SCT,58830002,Eleventh rib,SCT,24028007,Right,"['Body structure (body structure)', 'Body structure']",['Body structures'],"['Bone structure of eleventh rib', 'Bone structure of eleventh rib (body structure)']",['Eleventh rib'],"['Right (qualifier value)', 'Right']","['Dextro', 'Right lateral', 'Rt - Right', 'Right side']"
71,rib_right_12,SCT,123037004,Anatomical Structure,SCT,43993008,Twelfth rib,SCT,24028007,Right,"['Body structure (body structure)', 'Body structure']",['Body structures'],"['Bone structure of twelfth rib', 'Bone structure of twelfth rib (body structure)']",['Twelfth rib'],"['Right (qualifier value)', 'Right']","['Dextro', 'Right lateral', 'Rt - Right', 'Right side']"
72,sacrum,SCT,123037004,Anatomical Structure,SCT,54735007,Sacrum,,,,"['Body structure (body structure)', 'Body structure']",['Body structures'],"['Bone structure of sacrum (body structure)', 'Bone structure of sacrum']",['Sacral bone'],[],[]
73,scapula_left,SCT,123037004,Anatomical Structure,SCT,79601000,Scapula,SCT,7771000,Left,"['Body structure (body structure)', 'Body structure']",['Body structures'],"['Bone structure of scapula (body structure)', 'Bone structure of scapula']","['Scapula', 'Shoulder blade']","['Left (qualifier value)', 'Left']","['Left lateral', 'Left side', 'Lt - Left', 'Levo-']"
74,scapula_right,SCT,123037004,Anatomical Structure,SCT,79601000,Scapula,SCT,24028007,Right,"['Body structure (body structure)', 'Body structure']",['Body structures'],"['Bone structure of scapula (body structure)', 'Bone structure of scapula']","['Scapula', 'Shoulder blade']","['Right (qualifier value)', 'Right']","['Dextro', 'Right lateral', 'Rt - Right', 'Right side']"
75,small_bowel,SCT,123037004,Anatomical Structure,SCT,30315005,Small Intestine,,,,"['Body structure (body structure)', 'Body structure']",['Body structures'],"['Structure of small intestine', 'Structure of small intestine (body structure)']","['Small intestine', 'Small bowel', 'Small intestinal structure']",[],[]
76,spleen,SCT,123037004,Anatomical Structure,SCT,78961009,Spleen,,,,"['Body structure (body structure)', 'Body structure']",['Body structures'],"['Splenic structure', 'Splenic structure (body structure)']",['Spleen'],[],[]
77,stomach,SCT,123037004,Anatomical Structure,SCT,69695003,Stomach,,,,"['Body structure (body structure)', 'Body structure']",['Body structures'],"['Stomach structure (body structure)', 'Stomach structure']","['Stomach', 'Ventriculus']",[],[]
78,trachea,SCT,123037004,Anatomical Structure,SCT,44567001,Trachea,,,,"['Body structure (body structure)', 'Body structure']",['Body structures'],"['Tracheal structure (body structure)', 'Tracheal structure']","['Windpipe', 'Trachea']",[],[]
79,urinary_bladder,SCT,123037004,Anatomical Structure,SCT,89837001,Urinary bladder,,,,"['Body structure (body structure)', 'Body structure']",['Body structures'],"['Urinary bladder structure (body structure)', 'Urinary bladder structure']","['Bladder', 'Urinary bladder', 'Bladder structure']",[],[]
80,vertebrae_C1,SCT,123037004,Anatomical Structure,SCT,14806007,C1 vertebra,,,,"['Body structure (body structure)', 'Body structure']",['Body structures'],"['Bone structure of atlas', 'Bone structure of atlas (body structure)']","['Atlas', 'First cervical vertebra', 'C1 vertebra']",[],[]
81,vertebrae_C2,SCT,123037004,Anatomical Structure,SCT,39976000,C2 vertebra,,,,"['Body structure (body structure)', 'Body structure']",['Body structures'],"['Bone structure of axis (body structure)', 'Bone structure of axis']","['Specific axis site', 'Second cervical vertebra', 'Axis']",[],[]
82,vertebrae_C3,SCT,123037004,Anatomical Structure,SCT,113205007,C3 vertebra,,,,"['Body structure (body structure)', 'Body structure']",['Body structures'],"['Bone structure of C3 (body structure)', 'Bone structure of C3']",['Third cervical vertebra'],[],[]
83,vertebrae_C4,SCT,123037004,Anatomical Structure,SCT,5329002,C4 vertebra,,,,"['Body structure (body structure)', 'Body structure']",['Body structures'],"['Bone structure of C4', 'Bone structure of C4 (body structure)']",['Fourth cervical vertebra'],[],[]
84,vertebrae_C5,SCT,123037004,Anatomical Structure,SCT,36978003,C5 vertebra,,,,"['Body structure (body structure)', 'Body structure']",['Body structures'],"['Bone structure of C5', 'Bone structure of C5 (body structure)']",['Fifth cervical vertebra'],[],[]
85,vertebrae_C6,SCT,123037004,Anatomical Structure,SCT,36054005,C6 vertebra,,,,"['Body structure (body structure)', 'Body structure']",['Body structures'],"['Bone structure of C6 (body structure)', 'Bone structure of C6']",['Sixth cervical vertebra'],[],[]
86,vertebrae_C7,SCT,123037004,Anatomical Structure,SCT,87391001,C7 vertebra,,,,"['Body structure (body structure)', 'Body structure']",['Body structures'],"['Bone structure of C7 (body structure)', 'Bone structure of C7']","['Prominent vertebra', 'Vertebra prominens', 'Seventh cervical vertebra']",[],[]
87,vertebrae_L1,SCT,123037004,Anatomical Structure,SCT,66794005,L1 vertebra,,,,"['Body structure (body structure)', 'Body structure']",['Body structures'],"['Bone structure of L1 (body structure)', 'Bone structure of L1']",['First lumbar vertebra'],[],[]
88,vertebrae_L2,SCT,123037004,Anatomical Structure,SCT,14293000,L2 vertebra,,,,"['Body structure (body structure)', 'Body structure']",['Body structures'],"['Bone structure of L2', 'Bone structure of L2 (body structure)']",['Second lumbar vertebra'],[],[]
89,vertebrae_L3,SCT,123037004,Anatomical Structure,SCT,36470004,L3 vertebra,,,,"['Body structure (body structure)', 'Body structure']",['Body structures'],"['Bone structure of L3 (body structure)', 'Bone structure of L3']",['Third lumbar vertebra'],[],[]
90,vertebrae_L4,SCT,123037004,Anatomical Structure,SCT,11994002,L4 vertebra,,,,"['Body structure (body structure)', 'Body structure']",['Body structures'],"['Bone structure of L4 (body structure)', 'Bone structure of L4']",['Fourth lumbar vertebra'],[],[]
91,vertebrae_L5,SCT,123037004,Anatomical Structure,SCT,49668003,L5 vertebra,,,,"['Body structure (body structure)', 'Body structure']",['Body structures'],"['Bone structure of L5', 'Bone structure of L5 (body structure)']",['Fifth lumbar vertebra'],[],[]
92,vertebrae_T1,SCT,123037004,Anatomical Structure,SCT,64864005,T1 vertebra,,,,"['Body structure (body structure)', 'Body structure']",['Body structures'],"['Bone structure of T1 (body structure)', 'Bone structure of T1']","['First thoracic vertebra', 'First dorsal vertebra']",[],[]
93,vertebrae_T2,SCT,123037004,Anatomical Structure,SCT,53733008,T2 vertebra,,,,"['Body structure (body structure)', 'Body structure']",['Body structures'],"['Bone structure of T2', 'Bone structure of T2 (body structure)']","['Second dorsal vertebra', 'Second thoracic vertebra']",[],[]
94,vertebrae_T3,SCT,123037004,Anatomical Structure,SCT,1626008,T3 vertebra,,,,"['Body structure (body structure)', 'Body structure']",['Body structures'],"['Bone structure of T3', 'Bone structure of T3 (body structure)']","['Third thoracic vertebra', 'Third dorsal vertebra']",[],[]
95,vertebrae_T4,SCT,123037004,Anatomical Structure,SCT,73071006,T4 vertebra,,,,"['Body structure (body structure)', 'Body structure']",['Body structures'],"['Bone structure of T4 (body structure)', 'Bone structure of T4']","['Fourth dorsal vertebra', 'Fourth thoracic vertebra']",[],[]
96,vertebrae_T5,SCT,123037004,Anatomical Structure,SCT,56401006,T5 vertebra,,,,"['Body structure (body structure)', 'Body structure']",['Body structures'],"['Bone structure of T5 (body structure)', 'Bone structure of T5']","['Fifth thoracic vertebra', 'Fifth dorsal vertebra']",[],[]
97,vertebrae_T6,SCT,123037004,Anatomical Structure,SCT,45296009,T6 vertebra,,,,"['Body structure (body structure)', 'Body structure']",['Body structures'],"['Bone structure of T6 (body structure)', 'Bone structure of T6']","['Sixth thoracic vertebra', 'Sixth dorsal vertebra']",[],[]
98,vertebrae_T7,SCT,123037004,Anatomical Structure,SCT,62487009,T7 vertebra,,,,"['Body structure (body structure)', 'Body structure']",['Body structures'],"['Bone structure of T7 (body structure)', 'Bone structure of T7']","['Seventh thoracic vertebra', 'Seventh dorsal vertebra']",[],[]
99,vertebrae_T8,SCT,123037004,Anatomical Structure,SCT,11068009,T8 vertebra,,,,"['Body structure (body structure)', 'Body structure']",['Body structures'],"['Bone structure of T8', 'Bone structure of T8 (body structure)']","['Eighth thoracic vertebra', 'Eighth dorsal vertebra']",[],[]
100,vertebrae_T9,SCT,123037004,Anatomical Structure,SCT,82687006,T9 vertebra,,,,"['Body structure (body structure)', 'Body structure']",['Body structures'],"['Bone structure of T9', 'Bone structure of T9 (body structure)']","['Ninth thoracic vertebra', 'Ninth dorsal vertebra']",[],[]
101,vertebrae_T10,SCT,123037004,Anatomical Structure,SCT,7610001,T10 vertebra,,,,"['Body structure (body structure)', 'Body structure']",['Body structures'],"['Bone structure of T10', 'Bone structure of T10 (body structure)']","['Tenth thoracic vertebra', 'Tenth dorsal vertebra']",[],[]
102,vertebrae_T11,SCT,123037004,Anatomical Structure,SCT,12989004,T11 vertebra,,,,"['Body structure (body structure)', 'Body structure']",['Body structures'],"['Bone structure of T11', 'Bone structure of T11 (body structure)']","['Eleventh thoracic vertebra', 'Eleventh dorsal vertebra']",[],[]
103,vertebrae_T12,SCT,123037004,Anatomical Structure,SCT,23215003,T12 vertebra,,,,"['Body structure (body structure)', 'Body structure']",['Body structures'],"['Bone structure of T12', 'Bone structure of T12 (body structure)']","['Twelfth thoracic vertebra', 'Twelfth dorsal vertebra']",[],[]
